insert into courses values
  (300001, 'Software Paradigms', 6221, 'none', 'none', 'CS');
insert into courses values
  (300002, 'Computer Architecture', 6461, 'none', 'none', 'CS');
insert into courses values
  (300003, 'Algorithms', 6212, 'none', 'none', 'CS');
insert into courses values
  (300004, 'Data Compression', 6225, 'none', 'none', 'CS');
insert into courses values
  (300005, 'Networks 1', 6232, 'none', 'none', 'CS');
insert into courses values
  (300006, 'Networks 2', 6233, 6232, 'none', 'CS');
insert into courses values
  (300007, 'Database 1', 6241, 'none', 'none', 'CS');
insert into courses values
  (300008, 'Database 2', 6242, 6241, 'none', 'CS');
insert into courses values
  (300009, 'Compilers', 6246, 6461, 6212, 'CS');
insert into courses values
  (300010, 'Distributed Systems', 6251, 6461, 'none', 'CS');
insert into courses values
  (300011, 'Software Engineering', 6254, 6221, 'none', 'CS');
insert into courses values
  (300012, 'Multimedia', 6260, 6221, 'none', 'CS');
insert into courses values
  (300013, 'Graphics 1', 6262, 'none', 'none', 'CS');
insert into courses values
  (300014, 'Security 1', 6283, 6212, 'none', 'CS');
insert into courses values
  (300015, 'Cryptography', 6284, 6212, 'none', 'CS');
insert into courses values
  (300016, 'Network Security', 6286, 6283, 6232, 'CS');
insert into courses values
  (300017, 'Advanced Algorithms', 6325, 6212, 'none', 'CS');
insert into courses values
  (300018, 'Embedded Systems', 6339, 6461, 6212, 'CS');
insert into courses values
  (300019, 'Advanced Crypto', 6384, 6284, 6283, 'CS');
insert into courses values
  (300020, 'Communication Systems', 6243, 'none', 'none', 'EE');
insert into courses values
  (300021, 'Information Theory', 6244, 'none', 'none', 'EE');
insert into courses values
  (300022, 'Logic', 6210, 'none', 'none', 'Math');

insert into students values
  (600001, 'Jillian Tromach', 'jtr@gwu.edu', '1191 Park Street');
insert into students values
  (600002, 'Melony Pavan', 'mpv@gwu.edu', 'Ester City Circle');
insert into students values
  (600003, 'Alaska Makei', 'amk@gwu.edu', '506 Found Lane');
insert into students values
  (600004, 'Joe Jobs', 'jjs@gwu.edu', 'New York Drive');
insert into students values
  (600005, 'Cam Thomas', 'cth@gwu.edu', '8008 Octive Avenue');
insert into students values
  (600006, 'Austin Texas', 'atx@gwu.edu', 'Miners Maine 899');
insert into students values
  (600007, 'Mala Kuns', 'mks@gwu.edu', '76 Lane Road');
insert into students values
  (600008, 'Alex Oster', 'aos@gwu.edu', 'Jameson Drive 44');
insert into students values
  (600009, 'Bach Bjorn', 'bbr@gwu.edu', '155 Excellence Avenue');
insert into students values
  (600010, 'Hail Pox', 'hpx@gwu.edu', '3433 Market Lane');

insert into faculty values
  (800001, 'Aria Velts', 300001);
insert into faculty values
  (800002, 'Smith Johns', 300002);
insert into faculty values
  (800003, 'Mark Abraham', 300003);
insert into faculty values
  (800004, 'Aaron Eltz', 300004);
insert into faculty values
  (800005, 'Oscar Otter', 300005);
insert into faculty values
  (800001, 'Aria Velts', 300006);
insert into faculty values
  (800002, 'Smith Johns', 300007);
insert into faculty values
  (800003, 'Mark Abraham', 300008);
insert into faculty values
  (800004, 'Aaron Eltz', 300009);
insert into faculty values
  (800005, 'Oscar Otter', 300010);
insert into faculty values
  (800001, 'Aria Velts', 300011);
insert into faculty values
  (800002, 'Smith Johns', 300012);
insert into faculty values
  (800003, 'Mark Abraham', 300013);
insert into faculty values
  (800004, 'Aaron Eltz', 300014);
insert into faculty values
  (800005, 'Oscar Otter', 300015);
insert into faculty values
  (800001, 'Aria Velts', 300016);
insert into faculty values
  (800002, 'Smith Johns', 300017);
insert into faculty values
  (800003, 'Mark Abraham', 300018);
insert into faculty values
  (800004, 'Aaron Eltz', 300019);
insert into faculty values
  (800005, 'Oscar Otter', 300020);
insert into faculty values
  (800001, 'Aria Velts', 300021);
insert into faculty values
  (800002, 'Smith Johns', 300022);

insert into gsecretary values
  (900001, 'Maggie Masters');

insert into enrolls values
  (600001, 300002, 'Fall08');
insert into enrolls values
  (600002, 300013, 'Fall08');
insert into enrolls values
  (600003, 300012, 'Fall08');
insert into enrolls values
  (600004, 300003, 'Fall08');
insert into enrolls values
  (600005, 300010, 'Fall08');
insert into enrolls values
  (600006, 300003, 'Fall08');
insert into enrolls values
  (600007, 300001, 'Fall08');
insert into enrolls values
  (600008, 300003, 'Fall08');